"","Time.ms","Time.min","Session","Load"
"1",15000,"0m15s","2",4
"2",20000,"0m20s","2",4
"3",25000,"0m25s","2",4
"4",30000,"0m30s","2",4
"5",35000,"0m35s","2",4
"6",40000,"0m40s","2",4
"7",45000,"0m45s","2",4
"8",50000,"0m50s","2",4
"9",55000,"0m55s","2",4
"10",60000,"1m0s","2",4
"11",65000,"1m5s","2",4
"12",70000,"1m10s","2",4
"13",75000,"1m15s","2",4
"14",80000,"1m20s","2",4
"15",85000,"1m25s","2",4
"16",90000,"1m30s","2",4
"17",95000,"1m35s","2",4
"18",1e+05,"1m40s","2",4
"19",105000,"1m45s","2",4
"20",110000,"1m50s","2",4
"21",115000,"1m55s","2",4
"22",120000,"2m0s","2",4
"23",125000,"2m5s","2",4
"24",130000,"2m10s","2",4
"25",135000,"2m15s","2",4
"26",140000,"2m20s","2",4
"27",145000,"2m25s","2",4
"28",150000,"2m30s","2",4
"29",155000,"2m35s","2",4
"30",160000,"2m40s","2",4
"31",165000,"2m45s","2",4
"32",170000,"2m50s","2",4
"33",175000,"2m55s","2",4
"34",180000,"3m0s","2",4
"35",185000,"3m5s","2",4
"36",190000,"3m10s","2",4
"37",195000,"3m15s","2",4
"38",2e+05,"3m20s","2",4
"39",205000,"3m25s","2",4
"40",210000,"3m30s","2",4
"41",215000,"3m35s","2",4
"42",220000,"3m40s","2",4
"43",225000,"3m45s","2",4
"44",230000,"3m50s","2",4
"45",235000,"3m55s","2",4
"46",240000,"4m0s","2",4
"47",245000,"4m5s","2",4
"48",250000,"4m10s","2",4
"49",255000,"4m15s","2",4
"50",260000,"4m20s","2",4
"51",265000,"4m25s","2",4
"52",270000,"4m30s","2",4
"53",275000,"4m35s","2",4
"54",280000,"4m40s","2",4
"55",285000,"4m45s","2",4
"56",290000,"4m50s","2",4
"57",295000,"4m55s","2",4
"58",3e+05,"5m0s","2",4
"59",305000,"5m5s","2",4
"60",310000,"5m10s","2",4
"61",315000,"5m15s","2",4
"62",320000,"5m20s","2",4
"63",325000,"5m25s","2",4
"64",330000,"5m30s","2",4
"65",335000,"5m35s","2",4
"66",340000,"5m40s","2",4
"67",345000,"5m45s","2",4
"68",350000,"5m50s","2",4
"69",355000,"5m55s","2",4
"70",360000,"6m0s","2",4
"71",365000,"6m5s","2",4
"72",370000,"6m10s","2",4
"73",375000,"6m15s","2",4
"74",380000,"6m20s","2",4
"75",385000,"6m25s","2",4
"76",390000,"6m30s","2",4
"77",395000,"6m35s","2",4
"78",4e+05,"6m40s","2",4
"79",405000,"6m45s","2",4
"80",410000,"6m50s","2",4
"81",415000,"6m55s","2",4
"82",420000,"7m0s","2",4
"83",425000,"7m5s","2",4
"84",430000,"7m10s","2",4
"85",435000,"7m15s","2",4
"86",440000,"7m20s","2",4
"87",445000,"7m25s","2",4
"88",450000,"7m30s","2",4
"89",455000,"7m35s","2",4
"90",460000,"7m40s","2",4
"91",465000,"7m45s","2",4
"92",470000,"7m50s","2",4
"93",475000,"7m55s","2",4
"94",480000,"8m0s","2",4
"95",485000,"8m5s","2",4
"96",490000,"8m10s","2",4
"97",495000,"8m15s","2",4
"98",5e+05,"8m20s","2",4
"99",505000,"8m25s","2",4
"100",510000,"8m30s","2",4
"101",515000,"8m35s","2",4
"102",520000,"8m40s","2",4
"103",525000,"8m45s","2",4
"104",530000,"8m50s","2",4
"105",535000,"8m55s","2",4
"106",540000,"9m0s","2",4
"107",545000,"9m5s","2",4
"108",550000,"9m10s","2",4
"109",555000,"9m15s","2",4
"110",560000,"9m20s","2",4
"111",565000,"9m25s","2",4
"112",570000,"9m30s","2",4
"113",575000,"9m35s","2",4
"114",580000,"9m40s","2",4
"115",585000,"9m45s","2",4
"116",590000,"9m50s","2",4
"117",595000,"9m55s","2",4
"118",6e+05,"10m0s","2",4
"119",605000,"10m5s","2",4
"120",610000,"10m10s","2",4
"121",615000,"10m15s","2",4
"122",620000,"10m20s","2",4
"123",625000,"10m25s","2",4
"124",630000,"10m30s","2",4
"125",635000,"10m35s","2",4
"126",640000,"10m40s","2",4
"127",645000,"10m45s","2",4
"128",650000,"10m50s","2",4
"129",655000,"10m55s","2",4
"130",660000,"11m0s","2",4
"131",665000,"11m5s","2",4
"132",670000,"11m10s","2",4
"133",675000,"11m15s","2",4
"134",680000,"11m20s","2",4
"135",685000,"11m25s","2",4
"136",690000,"11m30s","2",4
"137",695000,"11m35s","2",4
"138",7e+05,"11m40s","2",4
"139",705000,"11m45s","2",4
"140",710000,"11m50s","2",4
"141",715000,"11m55s","2",4
"142",720000,"12m0s","2",4
"143",725000,"12m5s","2",4
"144",730000,"12m10s","2",4
"145",735000,"12m15s","2",4
"146",740000,"12m20s","2",4
"147",745000,"12m25s","2",4
"148",750000,"12m30s","2",4
"149",755000,"12m35s","2",4
"150",760000,"12m40s","2",4
"151",765000,"12m45s","2",4
"152",770000,"12m50s","2",4
"153",775000,"12m55s","2",4
"154",780000,"13m0s","2",4
"155",785000,"13m5s","2",4
"156",790000,"13m10s","2",4
"157",795000,"13m15s","2",4
"158",8e+05,"13m20s","2",4
"159",805000,"13m25s","2",4
"160",810000,"13m30s","2",4
"161",815000,"13m35s","2",4
"162",820000,"13m40s","2",4
"163",825000,"13m45s","2",4
"164",830000,"13m50s","2",4
"165",835000,"13m55s","2",4
"166",840000,"14m0s","2",4
"167",845000,"14m5s","2",4
"168",850000,"14m10s","2",4
"169",855000,"14m15s","2",4
"170",860000,"14m20s","2",4
"171",865000,"14m25s","2",4
"172",870000,"14m30s","2",4
"173",875000,"14m35s","2",4
"174",880000,"14m40s","2",4
"175",885000,"14m45s","2",4
"176",890000,"14m50s","2",4
"177",895000,"14m55s","2",4
"178",9e+05,"15m0s","2",4
"179",905000,"15m5s","2",4
"180",910000,"15m10s","2",4
"181",915000,"15m15s","2",4
"182",920000,"15m20s","2",4
"183",925000,"15m25s","2",4
"184",930000,"15m30s","2",4
"185",935000,"15m35s","2",4
"186",940000,"15m40s","2",4
"187",945000,"15m45s","2",4
"188",950000,"15m50s","2",4
"189",955000,"15m55s","2",4
"190",960000,"16m0s","2",4
"191",965000,"16m5s","2",4
"192",970000,"16m10s","2",4
"193",975000,"16m15s","2",4
"194",980000,"16m20s","2",4
"195",985000,"16m25s","2",4
"196",990000,"16m30s","2",4
"197",995000,"16m35s","2",4
"198",1e+06,"16m40s","2",4
"199",1005000,"16m45s","2",4
"200",1010000,"16m50s","2",4
"201",1015000,"16m55s","2",4
"202",1020000,"17m0s","2",4
"203",1025000,"17m5s","2",4
"204",1030000,"17m10s","2",4
"205",1035000,"17m15s","2",4
"206",1040000,"17m20s","2",4
"207",1045000,"17m25s","2",4
"208",1050000,"17m30s","2",4
"209",1055000,"17m35s","2",4
"210",1060000,"17m40s","2",4
"211",1065000,"17m45s","2",4
"212",1070000,"17m50s","2",4
"213",1075000,"17m55s","2",4
"214",1080000,"18m0s","2",4
"215",1085000,"18m5s","2",4
"216",1090000,"18m10s","2",4
"217",1095000,"18m15s","2",4
"218",1100000,"18m20s","2",4
"219",1105000,"18m25s","2",4
"220",1110000,"18m30s","2",4
"221",1115000,"18m35s","2",4
"222",1120000,"18m40s","2",4
"223",1125000,"18m45s","2",4
"224",1130000,"18m50s","2",4
"225",1135000,"18m55s","2",4
"226",1140000,"19m0s","2",4
"227",1145000,"19m5s","2",4
"228",1150000,"19m10s","2",4
"229",1155000,"19m15s","2",4
"230",1160000,"19m20s","2",4
"231",1165000,"19m25s","2",4
"232",1170000,"19m30s","2",4
"233",1175000,"19m35s","2",4
"234",1180000,"19m40s","2",4
"235",1185000,"19m45s","2",4
"236",1190000,"19m50s","2",4
"237",1195000,"19m55s","2",4
"238",1200000,"20m0s","2",4
"239",1205000,"20m5s","2",4
"240",1210000,"20m10s","2",4
"241",1215000,"20m15s","2",4
"242",1220000,"20m20s","2",4
"243",1225000,"20m25s","2",4
"244",1230000,"20m30s","2",4
"245",1235000,"20m35s","2",4
"246",1240000,"20m40s","2",4
"247",1245000,"20m45s","2",4
"248",1250000,"20m50s","2",4
"249",1255000,"20m55s","2",4
"250",1260000,"21m0s","2",4
"251",1265000,"21m5s","2",4
"252",1270000,"21m10s","2",4
"253",1275000,"21m15s","2",4
"254",1280000,"21m20s","2",4
"255",1285000,"21m25s","2",4
"256",1290000,"21m30s","2",4
"257",1295000,"21m35s","2",4
"258",1300000,"21m40s","2",4
"259",1305000,"21m45s","2",4
"260",1310000,"21m50s","2",4
"261",1315000,"21m55s","2",4
"262",1320000,"22m0s","2",4
"263",1325000,"22m5s","2",4
"264",1330000,"22m10s","2",4
"265",1335000,"22m15s","2",4
"266",1340000,"22m20s","2",4
"267",1345000,"22m25s","2",4
"268",1350000,"22m30s","2",4
"269",1355000,"22m35s","2",4
"270",1360000,"22m40s","2",4
"271",1365000,"22m45s","2",4
"272",1370000,"22m50s","2",4
"273",1375000,"22m55s","2",4
"274",1380000,"23m0s","2",4
"275",1385000,"23m5s","2",4
"276",1390000,"23m10s","2",4
"277",1395000,"23m15s","2",4
"278",1400000,"23m20s","2",4
"279",1405000,"23m25s","2",4
"280",1410000,"23m30s","2",4
"281",1415000,"23m35s","2",4
"282",1420000,"23m40s","2",4
"283",1425000,"23m45s","2",4
"284",1430000,"23m50s","2",4
"285",1435000,"23m55s","2",4
"286",1440000,"24m0s","2",4
"287",1445000,"24m5s","2",4
"288",1450000,"24m10s","2",4
"289",1455000,"24m15s","2",4
"290",1460000,"24m20s","2",4
"291",1465000,"24m25s","2",4
"292",1470000,"24m30s","2",4
"293",1475000,"24m35s","2",4
"294",1480000,"24m40s","2",4
"295",1485000,"24m45s","2",4
"296",1490000,"24m50s","2",4
"297",1495000,"24m55s","2",4
"298",1500000,"25m0s","2",4
"299",1505000,"25m5s","2",4
"300",1510000,"25m10s","2",4
"301",1515000,"25m15s","2",4
"302",1520000,"25m20s","2",4
"303",1525000,"25m25s","2",4
"304",1530000,"25m30s","2",4
"305",1535000,"25m35s","2",4
"306",1540000,"25m40s","2",4
"307",1545000,"25m45s","2",4
"308",1550000,"25m50s","2",4
"309",1555000,"25m55s","2",4
"310",1560000,"26m0s","2",4
"311",1565000,"26m5s","2",4
"312",1570000,"26m10s","2",4
"313",1575000,"26m15s","2",4
"314",1580000,"26m20s","2",4
"315",1585000,"26m25s","2",4
"316",1590000,"26m30s","2",4
"317",1595000,"26m35s","2",4
"318",1600000,"26m40s","2",4
"319",1605000,"26m45s","2",4
"320",1610000,"26m50s","2",4
"321",1615000,"26m55s","2",4
"322",1620000,"27m0s","2",4
"323",1625000,"27m5s","2",4
"324",1630000,"27m10s","2",4
"325",1635000,"27m15s","2",4
"326",1640000,"27m20s","2",4
"327",1645000,"27m25s","2",4
"328",1650000,"27m30s","2",4
"329",1655000,"27m35s","2",4
"330",1660000,"27m40s","2",4
"331",1665000,"27m45s","2",4
"332",1670000,"27m50s","2",4
"333",1675000,"27m55s","2",4
"334",1680000,"28m0s","2",4
"335",1685000,"28m5s","2",4
"336",1690000,"28m10s","2",4
"337",1695000,"28m15s","2",4
"338",1700000,"28m20s","2",4
"339",1705000,"28m25s","2",4
"340",1710000,"28m30s","2",4
"341",1715000,"28m35s","2",4
"342",1720000,"28m40s","2",4
"343",1725000,"28m45s","2",4
"344",1730000,"28m50s","2",4
"345",1735000,"28m55s","2",4
"346",1740000,"29m0s","2",4
"347",1745000,"29m5s","2",4
"348",1750000,"29m10s","2",4
"349",1755000,"29m15s","2",4
"350",1760000,"29m20s","2",4
"351",1765000,"29m25s","2",4
"352",1770000,"29m30s","2",4
"353",1775000,"29m35s","2",4
"354",1780000,"29m40s","2",4
"355",1785000,"29m45s","2",4
"356",1790000,"29m50s","2",4
"357",1795000,"29m55s","2",4
"358",1800000,"30m0s","2",4
"359",1805000,"30m5s","2",4
"360",1810000,"30m10s","2",4
"361",1815000,"30m15s","2",4
"362",1820000,"30m20s","2",4
"363",1825000,"30m25s","2",4
"364",1830000,"30m30s","2",4
"365",1835000,"30m35s","2",4
"366",1840000,"30m40s","2",4
"367",1845000,"30m45s","2",4
"368",1850000,"30m50s","2",4
"369",1855000,"30m55s","2",4
"370",1860000,"31m0s","2",4
"371",1865000,"31m5s","2",4
"372",1870000,"31m10s","2",4
"373",1875000,"31m15s","2",4
"374",1880000,"31m20s","2",4
"375",1885000,"31m25s","2",4
"376",1890000,"31m30s","2",4
"377",1895000,"31m35s","2",4
"378",1900000,"31m40s","2",4
"379",1905000,"31m45s","2",4
"380",1910000,"31m50s","2",4
"381",1915000,"31m55s","2",4
"382",1920000,"32m0s","2",4
"383",1925000,"32m5s","2",4
"384",1930000,"32m10s","2",4
"385",1935000,"32m15s","2",4
"386",1940000,"32m20s","2",4
"387",1945000,"32m25s","2",4
"388",1950000,"32m30s","2",4
"389",1955000,"32m35s","2",4
"390",1960000,"32m40s","2",4
"391",1965000,"32m45s","2",4
"392",1970000,"32m50s","2",4
"393",1975000,"32m55s","2",4
"394",1980000,"33m0s","2",4
"395",1985000,"33m5s","2",4
"396",1990000,"33m10s","2",4
"397",1995000,"33m15s","2",4
"398",2e+06,"33m20s","2",4
"399",2005000,"33m25s","2",4
"400",2010000,"33m30s","2",4
"401",2015000,"33m35s","2",4
"402",2020000,"33m40s","2",4
"403",2025000,"33m45s","2",4
"404",2030000,"33m50s","2",4
"405",2035000,"33m55s","2",4
"406",2040000,"34m0s","2",4
"407",2045000,"34m5s","2",4
"408",2050000,"34m10s","2",4
"409",2055000,"34m15s","2",4
"410",2060000,"34m20s","2",4
"411",2065000,"34m25s","2",4
"412",2070000,"34m30s","2",4
"413",2075000,"34m35s","2",4
"414",2080000,"34m40s","2",4
"415",2085000,"34m45s","2",4
"416",2090000,"34m50s","2",4
"417",2095000,"34m55s","2",4
"418",2100000,"35m0s","2",4
"419",2105000,"35m5s","2",4
"420",2110000,"35m10s","2",4
"421",2115000,"35m15s","2",4
"422",2120000,"35m20s","2",4
"423",2125000,"35m25s","2",4
"424",2130000,"35m30s","2",4
"425",2135000,"35m35s","2",4
"426",2140000,"35m40s","2",4
"427",2145000,"35m45s","2",4
"428",2150000,"35m50s","2",4
"429",2155000,"35m55s","2",4
"430",2160000,"36m0s","2",4
"431",2165000,"36m5s","2",4
"432",2170000,"36m10s","2",4
"433",2175000,"36m15s","2",4
"434",2180000,"36m20s","2",4
"435",2185000,"36m25s","2",4
"436",2190000,"36m30s","2",4
"437",2195000,"36m35s","2",4
"438",2200000,"36m40s","2",4
"439",2205000,"36m45s","2",4
"440",2210000,"36m50s","2",4
"441",2215000,"36m55s","2",4
"442",2220000,"37m0s","2",4
"443",2225000,"37m5s","2",4
"444",2230000,"37m10s","2",4
"445",2235000,"37m15s","2",4
"446",2240000,"37m20s","2",4
"447",2245000,"37m25s","2",4
"448",2250000,"37m30s","2",4
"449",2255000,"37m35s","2",4
"450",2260000,"37m40s","2",4
"451",2265000,"37m45s","2",4
"452",2270000,"37m50s","2",4
"453",2275000,"37m55s","2",4
"454",2280000,"38m0s","2",4
"455",2285000,"38m5s","2",4
"456",2290000,"38m10s","2",4
"457",2295000,"38m15s","2",4
"458",2300000,"38m20s","2",4
"459",2305000,"38m25s","2",4
"460",2310000,"38m30s","2",4
"461",2315000,"38m35s","2",4
"462",2320000,"38m40s","2",4
"463",2325000,"38m45s","2",4
"464",2330000,"38m50s","2",4
"465",2335000,"38m55s","2",4
"466",2340000,"39m0s","2",4
"467",2345000,"39m5s","2",4
"468",2350000,"39m10s","2",4
"469",2355000,"39m15s","2",4
"470",2360000,"39m20s","2",4
"471",2365000,"39m25s","2",4
"472",2370000,"39m30s","2",4
"473",2375000,"39m35s","2",4
"474",2380000,"39m40s","2",4
"475",2385000,"39m45s","2",4
"476",2390000,"39m50s","2",4
"477",2395000,"39m55s","2",4
"478",2400000,"40m0s","2",4
"479",2405000,"40m5s","2",4
"480",2410000,"40m10s","2",4
"481",2415000,"40m15s","2",4
"482",2420000,"40m20s","2",4
"483",2425000,"40m25s","2",4
"484",2430000,"40m30s","2",4
"485",2435000,"40m35s","2",4
"486",2440000,"40m40s","2",4
"487",2445000,"40m45s","2",4
"488",2450000,"40m50s","2",4
"489",2455000,"40m55s","2",4
"490",2460000,"41m0s","2",4
"491",2465000,"41m5s","2",4
"492",2470000,"41m10s","2",4
"493",2475000,"41m15s","2",4
"494",2480000,"41m20s","2",4
"495",2485000,"41m25s","2",4
"496",2490000,"41m30s","2",4
"497",2495000,"41m35s","2",4
"498",2500000,"41m40s","2",4
"499",2505000,"41m45s","2",4
"500",2510000,"41m50s","2",4
"501",2515000,"41m55s","2",4
"502",2520000,"42m0s","2",4
"503",2525000,"42m5s","2",4
"504",2530000,"42m10s","2",4
"505",2535000,"42m15s","2",4
"506",2540000,"42m20s","2",4
"507",2545000,"42m25s","2",4
"508",2550000,"42m30s","2",4
"509",2555000,"42m35s","2",4
"510",2560000,"42m40s","2",4
"511",2565000,"42m45s","2",4
"512",2570000,"42m50s","2",4
"513",2575000,"42m55s","2",4
"514",2580000,"43m0s","2",4
"515",2585000,"43m5s","2",4
"516",2590000,"43m10s","2",4
"517",2595000,"43m15s","2",4
"518",2600000,"43m20s","2",4
"519",2605000,"43m25s","2",4
"520",2610000,"43m30s","2",4
"521",2615000,"43m35s","2",4
"522",2620000,"43m40s","2",4
"523",2625000,"43m45s","2",4
"524",2630000,"43m50s","2",4
"525",2635000,"43m55s","2",4
"526",2640000,"44m0s","2",4
"527",2645000,"44m5s","2",4
"528",2650000,"44m10s","2",4
"529",2655000,"44m15s","2",4
"530",2660000,"44m20s","2",4
"531",2665000,"44m25s","2",4
"532",2670000,"44m30s","2",4
"533",2675000,"44m35s","2",4
"534",2680000,"44m40s","2",4
"535",2685000,"44m45s","2",4
"536",2690000,"44m50s","2",4
"537",2695000,"44m55s","2",4
"538",2700000,"45m0s","2",4
"539",2705000,"45m5s","2",4
"540",2710000,"45m10s","2",4
"541",2715000,"45m15s","2",4
"542",2720000,"45m20s","2",4
"543",2725000,"45m25s","2",4
"544",2730000,"45m30s","2",4
"545",2735000,"45m35s","2",4
"546",2740000,"45m40s","2",4
"547",2745000,"45m45s","2",4
"548",2750000,"45m50s","2",4
"549",2755000,"45m55s","2",4
"550",2760000,"46m0s","2",4
"551",2765000,"46m5s","2",4
"552",2770000,"46m10s","2",4
"553",2775000,"46m15s","2",4
"554",2780000,"46m20s","2",4
"555",2785000,"46m25s","2",4
"556",2790000,"46m30s","2",4
"557",2795000,"46m35s","2",4
"558",2800000,"46m40s","2",4
"559",2805000,"46m45s","2",4
"560",2810000,"46m50s","2",4
